{"round": [0, 2, 4, 6, 8, 10, 12], "testServerCentAcc": [1.0, 1.0, 1.0, 1.0, 1.0, 1.0, 1.0], "testUserPerLocalAcc": [9.08, 6.23, 5.03, 5.42, 3.46, 3.46, 3.48], "testUserPerLocalAccStd": [10.6404, 9.42301, 8.09098, 8.00333, 6.62055, 6.62055, 6.61248], "testUserPerCentAcc": [1.6079999999999999, 1.4259999999999997, 1.3489999999999998, 1.4989999999999999, 1.2245000000000001, 1.2245000000000001, 1.2745000000000002], "testUserPerCentAccStd": [2.0414, 1.63648, 1.41816, 1.3168, 0.90176, 0.90176, 0.85919]}