{"round": [0, 2, 4, 6, 8], "testServerCentAcc": [15.59, 31.82, 37.02, 39.74, 41.03], "testUserPerLocalAcc": [15.64, 25.18, 29.89, 38.8, 42.72], "testUserPerLocalAccStd": [17.8564, 18.50282, 17.85085, 13.47475, 10.75595], "testUserPerCentAcc": [4.6055, 9.108, 12.285, 16.528499999999998, 20.127499999999998], "testUserPerCentAccStd": [5.69716, 6.94091, 7.63066, 6.77632, 6.04121]}