{"round": [0, 2, 4, 6, 8, 10, 12, 14, 16, 18, 20, 22, 24, 26, 28, 30, 32, 34, 36, 38, 40, 42, 44, 46, 48, 50, 52, 54, 56, 58, 60, 62, 64, 66, 68, 70, 72, 74, 76, 78, 80, 82, 84, 86, 88, 90, 92, 94, 96, 98, 100, 102, 104, 106, 108, 110, 112, 114, 116, 118, 120, 122, 124, 126, 128, 130, 132, 134, 136, 138, 140, 142, 144, 146, 148, 150, 152, 154, 156, 158, 160, 162, 164, 166, 168, 170, 172, 174, 176, 178, 180, 182, 184, 186, 188, 190, 192, 194, 196, 198], "testServerCentAcc": [5.770411295273174, 17.843257622263145, 23.61366891753632, 26.27378759975445, 29.158993247391038, 31.164313484755475, 32.37159811745447, 32.02373644362595, 33.149171270718234, 32.944546756701456, 34.049519132392064, 34.561080417434006, 34.70431757724575, 34.806629834254146, 35.23634131368938, 35.62512789032126, 35.64559034172294, 36.21853898096992, 36.934724780028645, 36.64825046040516, 35.78882750153468, 36.38223859218334, 37.03703703703704, 37.057499488438715, 37.20073664825046, 37.20073664825046, 37.65091057908737, 37.42582361366892, 37.60998567628402, 37.364436259463886, 37.40536116226724, 37.446286065070595, 37.54859832207899, 37.67137303048905, 37.28258645385717, 37.69183548189073, 37.60998567628402, 37.79414773889912, 37.8146101903008, 38.12154696132597, 37.8146101903008, 37.54859832207899, 37.630448127685696, 37.97830980151422, 38.24432166973603, 38.51033353795785, 38.223859218334354, 38.16247186412932, 38.346633926744424, 38.5512584407612, 38.080622058522614, 38.69449560057295, 38.346633926744424, 38.42848373235113, 38.080622058522614, 38.28524657253939, 38.75588295477798, 38.264784121137716, 38.59218334356456, 38.408021280949455, 38.42848373235113, 38.20339676693268, 38.735420503376304, 38.42848373235113, 38.57172089216288, 38.96050746879476, 38.48987108655617, 38.38755882954778, 38.12154696132597, 38.346633926744424, 38.75588295477798, 38.81727030898302, 39.08328217720483, 38.612645794966234, 38.653570697769595, 38.16247186412932, 38.469408635154494, 38.94004501739308, 39.00143237159812, 38.8377327603847, 38.96050746879476, 38.264784121137716, 39.06281972580315, 38.858195211786374, 38.59218334356456, 38.71495805197463, 39.2060568856149, 38.796807857581335, 38.38755882954778, 38.980969920196436, 39.042357274401475, 38.71495805197463, 38.59218334356456, 38.38755882954778, 38.735420503376304, 38.612645794966234, 38.408021280949455, 38.57172089216288, 38.69449560057295, 38.223859218334354], "testUserPerLocalAcc": [0.08184980560671168, 3.621853898096992, 6.89584612236546, 17.986494782074892, 21.506036423163494, 22.119909965213832, 23.961530591364845, 27.726621649273582, 28.606507059545734, 29.772866789441377, 30.14119091467158, 30.980151422140374, 31.062001227747086, 31.348475547370576, 31.184775936157152, 31.38940045017393, 31.757724575404133, 33.12870881931656, 33.210558624923266, 33.2719459791283, 33.55842029875179, 34.21321874360548, 33.70165745856354, 34.09044403519542, 34.417843257622266, 34.765704931450784, 34.765704931450784, 34.52015551463065, 34.499693063228975, 34.82709228565582, 35.011254348270924, 34.39738080622058, 34.4792306118273, 34.82709228565582, 34.949866994065886, 35.0317167996726, 34.82709228565582, 35.64559034172294, 34.64293022304072, 34.888479639860854, 35.13402905668099, 35.05217925107428, 35.13402905668099, 35.2158788622877, 35.25680376509106, 35.82975240433804, 35.62512789032126, 36.19807652956824, 35.99345201555146, 36.361776140781664, 36.19807652956824, 36.157151626764886, 36.157151626764886, 35.95252711274811, 36.11622672396153, 36.4231634949867, 36.484550849191734, 36.2390014323716, 36.157151626764886, 36.361776140781664, 36.34131368937999, 36.30038878657663, 36.750562717413544, 36.791487620216905, 37.11888684264375, 36.89379987722529, 37.180274196848785, 36.70963781461019, 36.484550849191734, 36.607325557601804, 36.50501330059341, 36.68917536320851, 36.58686310620012, 36.791487620216905, 36.81195007161858, 36.607325557601804, 36.791487620216905, 36.81195007161858, 36.52547575199509, 37.139349294045424, 37.07796193984039, 36.89379987722529, 36.83241252302026, 37.07796193984039, 37.07796193984039, 36.873337425823614, 36.68917536320851, 36.791487620216905, 36.83241252302026, 37.24166155105382, 37.22119909965214, 37.71229793329241, 37.52813587067731, 37.69183548189073, 37.38489871086556, 36.91426232862697, 37.07796193984039, 37.262124002455494, 37.446286065070595, 37.58952322488234], "testUserPerLocalAccStd": [0.26277, 6.36992, 9.49629, 10.40919, 9.31976, 9.62996, 8.9769, 6.83596, 7.22002, 3.36402, 4.37882, 4.34674, 3.60843, 3.81914, 3.88354, 4.5823, 3.8372, 3.51151, 3.66083, 3.40779, 3.71581, 3.80848, 3.28665, 3.24681, 3.0772, 3.66286, 3.79253, 3.8673, 3.97956, 3.6992, 3.84393, 3.94417, 3.52236, 3.76907, 3.90528, 3.76134, 3.30485, 3.28156, 3.21659, 3.30383, 2.53819, 3.06938, 3.19065, 2.82017, 3.43569, 4.07774, 3.91541, 3.95613, 3.69752, 3.05263, 3.0499, 3.45793, 3.61474, 3.68544, 3.98739, 3.81437, 3.55871, 3.99885, 4.03878, 4.21782, 3.80905, 3.32807, 3.332, 3.4049, 4.15336, 3.65298, 3.74412, 3.74022, 3.34884, 4.17987, 3.53521, 4.24191, 4.28388, 3.53147, 4.23189, 4.15705, 4.07961, 4.27374, 4.48268, 4.14705, 3.73623, 3.54583, 3.60576, 3.7743, 3.42419, 3.31242, 2.95679, 2.88684, 3.26243, 3.08726, 3.11938, 3.24494, 3.33108, 3.36078, 3.35981, 3.07089, 3.36746, 3.11741, 3.27482, 3.33226], "testUserPerCentAcc": [0.09515039901780233, 4.64804583589114, 9.55903417229384, 14.568242275424598, 20.10231225700839, 21.37916922447309, 24.079189686924494, 26.191937794147737, 27.179251074278692, 29.326785348884794, 30.246572539390222, 30.8962553713935, 31.08450992428893, 31.293226928586044, 31.74544710456313, 31.88356865152445, 32.161857990587265, 32.631471250255785, 33.04378964599959, 33.41825250665029, 33.56558215674237, 33.58195211786371, 33.66482504604051, 33.882750153468386, 34.133415183138936, 34.31962349089421, 34.47104563126662, 34.47411499897687, 34.499693063228975, 34.54777982402292, 34.48434622467771, 34.71864129322692, 34.83936975649683, 35.00920810313075, 35.16881522406384, 35.332514835277266, 35.292613055044, 35.38571720892163, 35.463474524248014, 35.599549826069165, 35.7110701862083, 35.55657867812563, 35.56271741354614, 35.6926539799468, 35.8256599140577, 35.928995293636184, 35.943319009617355, 35.89830161653366, 35.92899529363617, 36.18272969101698, 36.2574176386331, 36.28504194802538, 36.23183957438101, 36.257417638633115, 36.11315735625128, 36.28606507059546, 36.37405361162267, 36.46818088807039, 36.53263760998568, 36.77000204624514, 36.70656844689994, 36.63392674442399, 36.65745856353591, 36.65029670554532, 36.76488643339472, 36.66257417638632, 36.68815224063842, 36.699406588909355, 36.81604256189891, 36.764886433394715, 36.788418252506645, 36.82832003273992, 36.90710047063639, 36.80274196848783, 36.72396153059137, 36.84162062615101, 36.836505013300595, 36.905054225496215, 36.97258031512176, 37.06875383670964, 37.06056885614897, 37.10660937180275, 37.09330877839166, 37.161857990587265, 37.14548802946593, 37.10047063638224, 37.231430325352974, 37.09126253325148, 37.06875383670964, 37.10660937180275, 37.14139553918559, 37.20073664825046, 37.187436054839374, 37.13627992633518, 37.12911806834459, 36.975649682832, 36.981788418252506, 37.000204624514026, 37.10865561694291, 37.10865561694291],