{"round": [0, 2, 4, 6, 8, 10, 12, 14, 16, 18, 20, 22, 24, 26, 28, 30, 32, 34, 36, 38, 40, 42, 44, 46, 48, 50, 52, 54, 56, 58, 60, 62, 64, 66, 68, 70, 72, 74, 76, 78, 80], "testServerCentAcc": [21.07, 31.93, 35.1, 38.06, 38.41, 40.39, 41.34, 42.09, 43.66, 43.67, 44.41, 44.88, 45.6, 45.15, 46.93, 46.75, 47.24, 48.0, 48.54, 48.14, 47.98, 48.4, 49.32, 49.23, 49.37, 50.16, 50.45, 50.38, 50.76, 49.93, 50.71, 50.97, 50.87, 51.33, 51.55, 51.01, 52.19, 52.2, 51.58, 51.28, 51.78], "testUserPerLocalAcc": [14.51, 20.36, 24.28, 32.68, 35.11, 20.54, 30.2, 22.34, 22.23, 17.66, 27.38, 33.13, 35.52, 24.51, 30.85, 38.39, 38.36, 39.67, 26.31, 34.31, 35.77, 37.49, 38.18, 38.83, 25.0, 22.24, 28.57, 36.4, 39.8, 34.84, 19.96, 30.4, 34.39, 36.92, 40.85, 40.96, 32.5, 38.07, 40.39, 40.65, 40.14], "testUserPerLocalAccStd": [16.71908, 17.53625, 17.79958, 13.82959, 11.96442, 18.53418, 16.79311, 19.30788, 19.45817, 19.55656, 19.94215, 15.43854, 13.71831, 19.39299, 17.17553, 10.76092, 10.66364, 8.16035, 19.36536, 16.64706, 14.22025, 11.71585, 12.30541, 12.58751, 20.09109, 20.15095, 18.39528, 12.46845, 9.54668, 16.46562, 20.08095, 19.18806, 16.90243, 15.24431, 9.76694, 9.81987, 15.96682, 12.75477, 9.61179, 9.5237, 9.46769], "testUserPerCentAcc": [4.125, 7.185499999999999, 9.199, 12.305499999999999, 13.5435, 8.504999999999999, 11.4875, 9.083000000000002, 9.279, 7.258999999999999, 10.727, 13.692000000000002, 14.492, 9.8985, 12.116499999999998, 15.1975, 15.102499999999997, 15.901499999999999, 11.468, 13.8345, 14.2095, 14.861, 14.905499999999998, 15.083000000000002, 10.465999999999998, 9.342500000000001, 11.828, 15.323500000000001, 16.155, 13.5, 8.6905, 11.899, 13.740499999999997, 14.681000000000001, 16.426000000000002, 16.57, 14.121, 15.479, 16.139999999999997, 16.381, 16.2575], "testUserPerCentAccStd": [5.08938, 6.4807, 6.73777, 5.40451, 4.65366, 7.1482, 6.35216, 7.27731, 7.59328, 7.55069, 7.95175, 6.41736, 5.74232, 7.89006, 7.29887, 4.83454, 4.85932, 3.60652, 7.35647, 6.25634, 5.62577, 4.75069, 4.82278, 4.87213, 7.68936, 7.70367, 7.28267, 5.02624, 3.77837, 6.39893, 7.68921, 7.16145, 6.44862, 5.87045, 3.73038, 3.70468, 6.52202, 4.90149, 3.59816, 3.69645, 3.69806]}