{"round": [0, 2, 4, 6, 8, 10, 12, 14, 16, 18, 20, 22, 24, 26, 28], "testServerCentAcc": [9.89, 31.2, 38.14, 42.4, 42.71, 45.65, 46.38, 46.85, 48.55, 48.18, 49.0, 48.93, 50.05, 49.64, 49.75], "testUserPerLocalAcc": [16.77, 27.59, 33.24, 43.67, 48.31, 48.76, 52.64, 54.12, 54.88, 55.8, 56.38, 56.96, 57.13, 57.38, 57.7], "testUserPerLocalAccStd": [19.26653, 20.37965, 20.04881, 15.39291, 11.98067, 12.19509, 5.29164, 4.28342, 4.62549, 3.10637, 2.82168, 2.41496, 2.23441, 2.47424, 2.36307], "testUserPerCentAcc": [5.0065, 10.841, 15.684999999999999, 21.889499999999998, 27.151999999999997, 28.367, 31.2435, 33.4485, 34.7695, 36.779500000000006, 37.709500000000006, 38.325, 38.81699999999999, 39.3865, 39.878499999999995], "testUserPerCentAccStd": [6.15462, 8.44206, 10.33423, 9.79087, 8.46028, 8.92584, 6.69284, 5.28287, 5.47736, 1.61661, 1.70042, 1.66162, 1.47774, 1.5149, 0.94765]}