{"round": [0, 2, 4, 6, 8, 10, 12, 14, 16, 18, 20, 22, 24, 26, 28, 30, 32, 34, 36, 38, 40, 42, 44, 46, 48, 50, 52, 54, 56, 58, 60, 62, 64, 66, 68, 70, 72, 74, 76, 78, 80, 82, 84, 86, 88, 90, 92, 94, 96, 98, 100, 102, 104, 106, 108, 110, 112, 114, 116, 118, 120, 122, 124, 126, 128, 130, 132, 134, 136, 138, 140, 142, 144, 146, 148, 150, 152, 154, 156, 158, 160, 162, 164, 166, 168, 170], "testServerCentAcc": [32.04, 38.73, 40.88, 41.89, 42.32, 42.31, 42.14, 42.0, 42.16, 41.79, 41.42, 41.64, 41.61, 41.75, 41.28, 41.49, 41.44, 41.39, 41.34, 41.52, 41.41, 41.61, 41.81, 41.3, 41.29, 41.61, 41.62, 41.55, 41.45, 41.82, 41.89, 42.07, 41.94, 42.0, 42.27, 42.35, 42.57, 42.59, 42.55, 42.66, 42.97, 42.87, 42.99, 43.16, 43.28, 43.35, 43.29, 43.32, 43.68, 43.58, 43.7, 43.67, 43.96, 44.08, 44.15, 44.2, 44.5, 44.42, 44.42, 44.48, 44.59, 44.5, 44.55, 44.84, 44.67, 44.91, 45.04, 44.82, 45.23, 45.25, 45.09, 45.32, 45.35, 45.17, 45.59, 45.43, 45.52, 45.56, 45.75, 45.8, 45.67, 45.79, 45.87, 46.06, 45.95, 46.06], "testUserPerLocalAcc": [51.24, 59.03, 59.36, 58.94, 58.69, 58.63, 58.26, 58.22, 57.92, 57.64, 57.19, 57.1, 56.87, 56.57, 56.16, 55.65, 56.21, 56.63, 57.18, 57.5, 57.81, 58.14, 58.35, 58.47, 58.63, 59.03, 58.95, 59.2, 59.28, 59.26, 59.35, 59.52, 59.66, 59.78, 59.77, 59.95, 60.09, 60.18, 60.28, 60.47, 60.46, 60.44, 60.55, 60.59, 60.77, 60.83, 60.9, 60.95, 60.94, 61.03, 61.15, 61.17, 61.33, 61.43, 61.36, 61.52, 61.56, 61.59, 61.62, 61.79, 61.72, 61.86, 61.94, 61.93, 61.99, 62.15, 62.13, 62.11, 62.15, 62.22, 62.39, 62.31, 62.32, 62.43, 62.51, 62.49, 62.56, 62.73, 62.76, 62.71, 62.82, 62.76, 62.96, 62.92, 62.8, 63.02], "testUserPerLocalAccStd": [2.35259, 1.71442, 2.00317, 1.98097, 2.19475, 2.25717, 2.0122, 2.18043, 1.94633, 2.23845, 2.2412, 2.10868, 2.05245, 2.00769, 2.11601, 2.27097, 2.14216, 2.23465, 2.32237, 2.29585, 2.27489, 2.09128, 2.07668, 1.8433, 2.01636, 1.82028, 2.17172, 2.20287, 2.06069, 1.96577, 1.99865, 2.04722, 1.89245, 1.87285, 1.87698, 1.86601, 1.83536, 2.01091, 1.95288, 1.98144, 1.91893, 1.93321, 2.03314, 1.88842, 2.07396, 1.96909, 1.9145, 1.97257, 1.95217, 2.10125, 2.1124, 2.04698, 2.08826, 1.9339, 2.00074, 2.09051, 2.0707, 1.97879, 2.12103, 2.21466, 2.06118, 2.11005, 2.11111, 2.30346, 2.12372, 2.08566, 2.00518, 2.04345, 2.01612, 2.10118, 2.0124, 1.93729, 2.04467, 2.10501, 2.06937, 1.78776, 2.12906, 1.85005, 2.01948, 2.05397, 1.96766, 1.94908, 1.99642, 1.92308, 2.03065, 1.97944], "testUserPerCentAcc": [13.947499999999998, 30.4, 33.315, 34.131249999999994, 35.224999999999994, 34.77374999999999, 35.17375, 35.37625, 35.127500000000005, 34.73125, 34.7825, 35.381249999999994, 35.24875, 35.38625, 35.52, 36.269999999999996, 35.00375, 34.662499999999994, 33.75375, 33.52875, 33.582499999999996, 33.28125, 33.161249999999995, 33.00875, 32.932500000000005, 32.974999999999994, 32.864999999999995, 32.9275, 33.0225, 33.12, 33.14, 33.25375, 33.345, 33.34, 33.45, 33.42875, 33.566250000000004, 33.59125, 33.6825, 33.81875, 33.849999999999994, 33.92875, 33.94499999999999, 33.972500000000004, 34.10875, 34.20125, 34.28375, 34.292500000000004, 34.364999999999995, 34.4525, 34.53, 34.5925, 34.66, 34.73625, 34.75375, 34.85625, 34.943749999999994, 34.91875, 34.91375, 35.004999999999995, 35.05, 35.11125, 35.21000000000001, 35.22, 35.2675, 35.2975, 35.425000000000004, 35.51375, 35.53875, 35.56875, 35.6575, 35.7025, 35.69125, 35.81375, 35.85625, 35.935, 36.03875, 35.97125, 36.03125, 36.07625, 36.13250000000001, 36.1625, 36.237500000000004, 36.2375, 36.330000000000005, 36.432500000000005], "testUserPerCentAccStd": [0.63741, 1.10648, 1.22772, 1.27327, 1.13234, 1.63879, 1.55343, 1.31989, 1.82109, 2.01783, 1.89306, 1.79215, 1.72738, 1.93356, 1.75009, 1.1549, 1.83569, 1.67693, 1.86253, 1.99515, 1.78021, 1.92974, 1.76473, 1.62832, 1.55067, 1.16901, 1.25642, 1.28328, 1.31834, 1.26385, 1.32042, 1.17069, 1.3354, 1.33911, 1.33408, 1.3198, 1.33917, 1.29174, 1.25648, 1.35361, 1.3524, 1.23336, 1.23572, 1.28066, 1.25785, 1.33173, 1.21611, 1.2434, 1.1883, 1.14599, 1.23437, 1.22271, 1.16323, 1.1354, 1.15609, 1.16041, 1.19531, 1.17724, 1.14295, 1.16592, 1.1333, 1.13052, 1.13176, 1.16752, 1.19196, 1.12332, 1.10751, 1.10901, 1.13791, 1.19481, 1.16638, 1.20071, 1.16652, 1.13361, 1.18424, 1.12244, 1.17608, 1.12603, 1.12423, 1.12013, 1.17135, 1.18105, 1.12475, 1.24935, 1.17308, 1.20078]}