{"testUserPerLocalAcc":31.84,"_timestamp":1.7639630946513271e+09,"testServerCentAcc":49.02,"DistillStep":0,"_runtime":351577.174932697,"_step":23,"_wandb":{"runtime":351577},"testUserPerCentAcc":12.181000000000003,"trainUserLocalAcc":76.81520653485468}