{"round": [0, 2, 4, 6, 8, 10, 12, 14, 16, 18, 20, 22, 24, 26, 28, 30, 32, 34, 36, 38, 40, 42, 44, 46, 48, 50, 52, 54, 56, 58, 60, 62, 64, 66, 68, 70, 72, 74, 76, 78, 80, 82, 84, 86, 88, 90, 92, 94, 96, 98, 100, 102, 104, 106, 108, 110, 112, 114, 116, 118, 120, 122, 124, 126, 128, 130, 132, 134, 136, 138, 140, 142, 144, 146, 148, 150, 152, 154, 156, 158, 160, 162, 164, 166, 168, 170, 172, 174, 176, 178, 180, 182, 184, 186, 188, 190, 192, 194, 196, 198], "testServerCentAcc": [6.220585226110088, 15.817474933497033, 21.014937589523225, 24.329854716595047, 26.826273787599753, 29.01575608757929, 29.81379169224473, 30.14119091467158, 31.143851033353794, 32.064661346429304, 32.78084714548803, 33.00593411090649, 33.70165745856354, 33.88581952117864, 33.926744423981994, 34.1927562922038, 34.64293022304072, 34.949866994065886, 35.29772866789441, 35.29772866789441, 34.99079189686925, 35.31819111929609, 35.50235318191119, 35.80928995293636, 36.279926335174956, 35.78882750153468, 35.768365050133006, 36.17761407816656, 36.30038878657663, 36.11622672396153, 35.78882750153468, 36.05483936975649, 36.279926335174956, 36.83241252302026, 36.934724780028645, 37.01657458563536, 36.791487620216905, 36.668712911806836, 36.73010026601187, 36.4231634949867, 36.97564968283201, 36.68917536320851, 36.83241252302026, 36.791487620216905, 36.607325557601804, 37.24166155105382, 37.52813587067731, 37.180274196848785, 36.668712911806836, 36.996112134233684, 37.15981174544711, 37.69183548189073, 37.09842439124207, 36.873337425823614, 36.62778800900348, 37.364436259463886, 36.750562717413544, 36.81195007161858, 36.95518723143032, 36.97564968283201, 36.77102516881522, 37.11888684264375, 37.28258645385717, 37.48721096787395, 37.03703703703704, 37.07796193984039, 37.09842439124207, 37.24166155105382, 37.34397380806221, 37.54859832207899, 37.30304890525885, 37.24166155105382, 36.97564968283201, 37.40536116226724, 37.28258645385717, 37.20073664825046, 37.446286065070595, 37.54859832207899, 37.753222836095766, 37.52813587067731, 37.58952322488234, 37.42582361366892, 37.71229793329241, 37.15981174544711, 37.446286065070595, 37.67137303048905, 37.753222836095766, 37.753222836095766, 37.73276038469409, 37.58952322488234, 37.71229793329241, 38.06015960712093, 36.996112134233684, 37.79414773889912, 37.569060773480665, 37.364436259463886, 37.30304890525885, 37.85553509310415, 38.16247186412932, 37.79414773889912], "testUserPerLocalAcc": [0.45017393083691426, 3.621853898096992, 6.69122160834868, 16.32903621853898, 19.50071618579906, 20.319214241866174, 22.119909965213832, 24.98465316144874, 26.06916308573767, 27.378759975445057, 28.401882545528956, 28.995293636177614, 29.220380601596073, 29.506854921219563, 29.30223040720278, 29.13853079598936, 29.44546756701453, 31.38940045017393, 31.49171270718232, 31.79864947820749, 31.430325352977288, 31.655412318395744, 31.59402496419071, 31.696337221199098, 31.634949866994067, 31.634949866994067, 32.248823409044405, 32.37159811745447, 32.698997339881316, 32.55576018006957, 32.73992224268467, 32.49437282586454, 32.49437282586454, 33.39472068753837, 33.19009617352159, 33.210558624923266, 33.37425823613669, 33.39472068753837, 33.537957847350114, 34.09044403519542, 33.94720687538367, 33.88581952117864, 33.8244321669736, 33.55842029875179, 33.76304481276857, 34.39738080622058, 34.15183138940045, 34.09044403519542, 34.110906486597095, 34.15183138940045, 34.110906486597095, 34.25414364640884, 33.722119909965215, 34.06998158379374, 34.25414364640884, 34.43830570902394, 34.376918354818905, 34.172293840802126, 34.31553100061387, 34.417843257622266, 34.35645590341723, 34.417843257622266, 34.60200532023737, 34.806629834254146, 35.0317167996726, 35.17495395948435, 35.54327808471455, 35.461428279107835, 35.37957847350113, 34.90894209126253, 35.29772866789441, 35.44096582770616, 35.54327808471455, 34.92940454266421, 34.765704931450784, 34.90894209126253, 35.17495395948435, 35.011254348270924, 35.50235318191119, 35.461428279107835, 35.584202987517905, 35.56374053611623, 35.584202987517905, 35.768365050133006, 35.99345201555146, 36.095764272559855, 35.91160220994475, 35.400040924902804, 35.768365050133006, 35.64559034172294, 35.768365050133006, 35.91160220994475, 35.82975240433804, 35.50235318191119, 35.195416410886025, 35.400040924902804, 35.522815633312874, 35.15449150808267, 35.35911602209945, 35.56374053611623], "testUserPerLocalAccStd": [0.98289, 5.96966, 9.00118, 8.89247, 7.87423, 8.31721, 7.88332, 5.32375, 6.34515, 3.44332, 3.44243, 3.31622, 2.93279, 2.76861, 3.32533, 3.69821, 3.35645, 3.24197, 2.93323, 3.6312, 3.6485, 3.84276, 3.71945, 3.51113, 2.90882, 3.22195, 3.28828, 3.84043, 3.67282, 3.45388, 2.93482, 2.94226, 3.21915, 3.89373, 4.15952, 4.07907, 3.78949, 3.71463, 3.37968, 3.59414, 3.7423, 3.81277, 4.14255, 3.69654, 3.6815, 3.53355, 3.50938, 3.74406, 3.96529, 3.3659, 3.0991, 3.04238, 3.07088, 3.28227, 3.2477, 3.06152, 2.86406, 3.21495, 3.60091, 3.27021, 3.8159, 3.68103, 3.15503, 3.29888, 3.44059, 2.92275, 2.9158, 3.00899, 3.13136, 3.2033, 3.36458, 3.70448, 3.94747, 4.05903, 3.912, 3.98379, 3.73759, 3.60989, 3.33634, 3.39145, 3.393, 3.27601, 3.35843, 2.93481, 3.08585, 3.30853, 3.05345, 3.60561, 3.72623, 3.66217, 3.46861, 3.35596, 3.34693, 3.54957, 3.6058, 3.20418, 3.20175, 3.15958, 3.21256, 3.92184], "testUserPerCentAcc": [0.3314917127071823, 4.416820135052179, 8.595252711274812, 13.19111929609167, 18.162471864129323, 19.418866380192345, 21.92040106404747, 23.917536320851234, 25.0, 26.850828729281766, 27.614078166564354, 28.147125025578067, 28.683241252302032, 29.09351340290567, 29.45160630243503, 29.706363822385924, 29.84653161448741, 30.293636177614083, 30.503376304481275, 30.792919991815022, 30.910579087374675, 31.19398403928791, 31.364845508491918, 31.71986904031103, 31.949048496009816, 32.06773071413956, 32.248823409044405, 32.529158993247385, 32.51995089011663, 32.48925721301412, 32.48516472273379, 32.62328626969511, 32.68569674647024, 32.88725189277675, 32.95273173726213, 33.16247186412933, 33.2852465725394, 33.42541436464088, 33.450992428892974, 33.56660527931246, 33.487824841416, 33.42029875179046, 33.40188254552895, 33.61162267239615, 33.782484141600165, 33.96971557192551, 33.96971557192551, 33.880703908328215, 33.85921833435646, 33.94209126253325, 34.028033558420304, 34.18559443421323, 34.0597503580929, 33.99836300388787, 34.143646408839786, 34.37384898710866, 34.22140372416616, 34.09760589318601, 34.326785348884805, 34.42500511561285, 34.42500511561285, 34.37384898710866, 34.43830570902394, 34.486392469817886, 34.60405156537753, 34.67976263556375, 34.61121342336811, 34.627583384489455, 34.85778596275834, 34.83220789850624, 35.01534683855126, 34.913034581542874, 34.91712707182321, 34.90280335584204, 34.84755473705751, 35.07161857990587, 34.98567628401882, 35.01534683855126, 34.98363003887866, 35.09208103130755, 35.11970534069981, 35.09412727644772, 35.158583998363, 35.37241661551054, 35.45017393083691, 35.43482709228566, 35.468590137098424, 35.461428279107835, 35.55760180069573, 35.40822590546348, 35.326376099856766, 35.48700634335994, 35.44403519541641, 35.431757724575405, 35.3806015960712, 35.33865357069777, 35.42664211172499, 35.53713934929405, 35.66400654798445, 35.621035400040924],