{"round": [0, 2, 4, 6, 8, 10, 12], "testServerCentAcc": [1.0, 13.74, 28.0, 33.43, 35.61, 39.11, 41.43], "testUserPerLocalAcc": [14.11, 22.78, 29.07, 38.61, 43.6, 44.28, 47.87], "testUserPerLocalAccStd": [16.31997, 16.80428, 17.93761, 13.99885, 11.01267, 11.35234, 5.22651], "testUserPerCentAcc": [3.7085, 6.851000000000001, 11.5395, 17.583999999999996, 23.479000000000003, 25.166000000000004, 28.184500000000003], "testUserPerCentAccStd": [4.56752, 5.16308, 7.83558, 8.42929, 7.9329, 8.49142, 6.80917]}