{"testServerCentAcc":42.34,"testUserPerLocalAcc":22.23,"testUserPerCentAcc":9.1485,"_runtime":277150.017817895,"_step":14,"trainUserLocalAcc":67.18743528309716,"_timestamp":1.7639549896477957e+09,"_wandb":{"runtime":277150},"DistillStep":0}